"iso3","ccode","avg_effort","median_effort","bin"
"AFG",700,0.0127511,0.0160428,"0.01-5%    "
"AGO",540,0.034236,0.0318621,"0.01-5%    "
"ALB",339,0.107678,0.0952467,"11-15%    "
"ARE",696,0.0331912,0.0128913,"0.01-5%    "
"ARG",160,0.0555846,0.0833333,"6-10%    "
"ARM",371,0.0477932,0.0503876,"0.01-5%    "
"ATF",NA,NA,NA,NA
"AUS",900,0.0147476,0.015749,"0.01-5%    "
"AUT",305,0.0193728,0.0163399,"0.01-5%    "
"AZE",373,0.0474615,0.0292135,"0.01-5%    "
"BDI",516,0.0129062,0,"0.01-5%    "
"BEL",211,0.0403165,0.0256786,"0.01-5%    "
"BEN",434,0.09691,0.0761905,"6-10%    "
"BFA",439,0.0452239,0.0405405,"0.01-5%    "
"BGD",771,0.0300942,0.0171821,"0.01-5%    "
"BGR",355,0.0330566,0.0124378,"0.01-5%    "
"BHS",31,0.0802415,0.0741758,"6-10%    "
"BIH",346,0.0349528,0.0340136,"0.01-5%    "
"BLR",370,0.0449706,0.0475512,"0.01-5%    "
"BLZ",80,0.146379,0.113208,"11-15%    "
"BOL",145,0.0387294,0.0165289,"0.01-5%    "
"BRA",140,0.028119,0.0340491,"0.01-5%    "
"BRN",835,0.0164913,0,"0.01-5%    "
"BTN",760,NA,NA,NA
"BWA",571,0.0114183,0,"0.01-5%    "
"CAF",482,0.0304762,0,"0.01-5%    "
"CAN",20,0.0325145,0.034965,"0.01-5%    "
"CHE",225,0.0174091,0.0130076,"0.01-5%    "
"CHL",155,0.0238339,0.022082,"0.01-5%    "
"CHN",710,0.00293897,0,"0.01-5%    "
"CIV",437,NA,NA,NA
"CMR",471,0.0591931,0.0588235,"6-10%    "
"COD",490,0.010141,0,"0.01-5%    "
"COG",484,0.0848837,0.0697674,"6-10%    "
"COL",100,0.0390162,0,"0.01-5%    "
"CRI",94,0.207897,0.0875,"> 15%"
"CUB",40,0.00976254,0,"0.01-5%    "
"CYP",352,0.100837,0.0830533,"11-15%    "
"CZE",316,0.0295615,0.0122447,"0.01-5%    "
"DEU",255,0.0232757,0.0129199,"0.01-5%    "
"DJI",522,0.0322402,0.0200803,"0.01-5%    "
"DNK",390,0.00830576,0,"0.01-5%    "
"DOM",42,0.0801003,0.0757854,"6-10%    "
"DZA",615,0.018164,0,"0.01-5%    "
"ECU",130,0.0795874,0.0645161,"6-10%    "
"EGY",651,0.0115999,0,"0.01-5%    "
"ERI",531,0.00698488,0.00271739,"0.01-5%    "
"ESH",NA,NA,NA,NA
"ESP",230,0.0729501,0.00266525,"6-10%    "
"EST",366,0.043033,0.0333333,"0.01-5%    "
"ETH",530,0.00852986,0,"0.01-5%    "
"FIN",375,0.0463792,0.0327869,"0.01-5%    "
"FJI",950,0.176972,0.0137931,"> 15%"
"FLK",NA,NA,NA,NA
"FRA",220,0.013018,0.00831947,"0.01-5%    "
"GAB",481,0.0731885,0.0446429,"6-10%    "
"GBR",200,0.00200666,0,"0.01-5%    "
"GEO",372,0.0441892,0.0378853,"0.01-5%    "
"GHA",452,0.0598504,0.0592105,"6-10%    "
"GIN",438,0.0440681,0.0543131,"0.01-5%    "
"GMB",420,0.042292,0,"0.01-5%    "
"GNB",404,NA,NA,NA
"GNQ",411,0,0,"0%    "
"GRC",350,0.056098,0.024911,"6-10%    "
"GTM",90,0.0967714,0.101362,"6-10%    "
"GUY",110,0.141568,0.148182,"11-15%    "
"HND",91,0.073947,0.0658683,"6-10%    "
"HRV",344,0.0153731,0.00694444,"0.01-5%    "
"HTI",41,0.0358236,0.0363636,"0.01-5%    "
"HUN",310,0.0130394,0.00930233,"0.01-5%    "
"IDN",850,0.0116853,0,"0.01-5%    "
"IND",750,0.0175158,0.0172589,"0.01-5%    "
"IRL",205,0.0670114,0.0246161,"6-10%    "
"IRN",630,0.002,0,"0.01-5%    "
"IRQ",645,0.00191705,0,"0.01-5%    "
"ISL",395,0.143389,0.0593583,"11-15%    "
"ISR",666,0.00448487,0,"0.01-5%    "
"ITA",325,0.0156611,0.013834,"0.01-5%    "
"JAM",51,NA,NA,NA
"JOR",663,0.0148461,0,"0.01-5%    "
"JPN",740,0.00457954,0,"0.01-5%    "
"KAZ",705,0.0506459,0.0446429,"6-10%    "
"KEN",501,0.025732,0.0185874,"0.01-5%    "
"KGZ",703,0.0409625,0.0352564,"0.01-5%    "
"KHM",811,0.0904079,0,"6-10%    "
"KOR",732,0.00787477,0,"0.01-5%    "
"KWT",690,0.0272765,0,"0.01-5%    "
"LAO",812,0.104865,0.108696,"11-15%    "
"LBN",660,0.00571453,0,"0.01-5%    "
"LBR",450,0.0407004,0.0321668,"0.01-5%    "
"LBY",620,0.0290401,0.0114286,"0.01-5%    "
"LKA",780,0.0128467,0,"0.01-5%    "
"LSO",570,0.0250105,0.018,"0.01-5%    "
"LTU",368,0.0377095,0.0322581,"0.01-5%    "
"LUX",212,0.00861284,0,"0.01-5%    "
"LVA",367,0.0253931,0.0240964,"0.01-5%    "
"MAR",600,0.0478136,0,"0.01-5%    "
"MDA",359,0.116882,0.106429,"11-15%    "
"MDG",580,0.0557882,0.0555556,"6-10%    "
"MEX",70,0.0396408,0.0421687,"0.01-5%    "
"MKD",343,0.119608,0.12,"11-15%    "
"MLI",432,0.0452487,0.0434783,"0.01-5%    "
"MMR",775,0.0379669,0.0412371,"0.01-5%    "
"MNE",341,0.097104,0.0512821,"6-10%    "
"MNG",712,0.0152862,0,"0.01-5%    "
"MOZ",541,0.144043,0.0970874,"11-15%    "
"MRT",435,0.0524005,0.0530246,"6-10%    "
"MWI",553,0.0390199,0.0323565,"0.01-5%    "
"MYS",820,0.0753853,0.0822259,"6-10%    "
"NAM",565,0.0348155,0.0416667,"0.01-5%    "
"NCL",NA,NA,NA,NA
"NER",436,0.0640857,0.0681818,"6-10%    "
"NGA",475,0.0249606,0.02,"0.01-5%    "
"NIC",93,0.0505718,0.0454751,"6-10%    "
"NLD",210,0.0194491,0.0169109,"0.01-5%    "
"NOR",385,0.0127815,0.00666667,"0.01-5%    "
"NPL",790,0.0382893,0.0347003,"0.01-5%    "
"NZL",920,0.0236022,0.00948117,"0.01-5%    "
"OMN",698,0.0756559,0.0587232,"6-10%    "
"PAK",770,0.00425467,0,"0.01-5%    "
"PAN",95,0.0515414,0.0550725,"6-10%    "
"PER",135,0.0191474,0,"0.01-5%    "
"PHL",840,0.0656137,0.0632564,"6-10%    "
"PNG",910,0.0666667,0,"6-10%    "
"POL",290,0.0233536,0.0228368,"0.01-5%    "
"PRI",NA,NA,NA,NA
"PRK",731,NA,NA,NA
"PRT",235,0.0291045,0.0247525,"0.01-5%    "
"PRY",150,0.0999664,0.0904872,"6-10%    "
"PSE",NA,NA,NA,NA
"QAT",694,0.0461161,0.015873,"0.01-5%    "
"ROU",360,0.020265,0,"0.01-5%    "
"RUS",365,0.00238666,0,"0.01-5%    "
"RWA",517,0.0234813,0.0287356,"0.01-5%    "
"SAU",670,0.00637106,0,"0.01-5%    "
"SDN",625,0.00179908,0,"0.01-5%    "
"SEN",433,0.166134,0.0694368,"> 15%"
"SLB",940,NA,NA,NA
"SLE",451,0.067274,0.0772353,"6-10%    "
"SLV",92,0.0720702,0.0639572,"6-10%    "
"SOM",520,0,0,"0%    "
"SRB",NA,0.0483074,0.0376984,"0.01-5%    "
"SSD",626,NA,NA,NA
"SUR",115,0.0673875,0.0454545,"6-10%    "
"SVK",317,0.0357864,0.0384615,"0.01-5%    "
"SVN",349,0.048474,0.03125,"0.01-5%    "
"SWE",380,0.0288187,0.0252809,"0.01-5%    "
"SWZ",572,0.0417112,0,"0.01-5%    "
"SYR",652,0.00966568,0,"0.01-5%    "
"TCD",483,0.0344242,0.0163719,"0.01-5%    "
"TGO",461,0.0315018,0,"0.01-5%    "
"THA",800,0.0268365,0.0237467,"0.01-5%    "
"TJK",702,0.0414517,0.0263158,"0.01-5%    "
"TKM",701,0.0222855,0.025974,"0.01-5%    "
"TLS",860,0.0379221,0.0477044,"0.01-5%    "
"TTO",52,0.0611054,0.0105263,"6-10%    "
"TUN",616,0.00959929,0,"0.01-5%    "
"TUR",640,0.0122747,0,"0.01-5%    "
"TWN",713,0.0121997,0.0118734,"0.01-5%    "
"TZA",510,0.0627973,0.054314,"6-10%    "
"UGA",500,0.0166096,0,"0.01-5%    "
"UKR",369,0.0154366,0.0140723,"0.01-5%    "
"URY",165,0.0511778,0.0603448,"6-10%    "
"USA",2,0,0,"0%    "
"UZB",704,0.0573002,0.0670241,"6-10%    "
"VEN",101,0.0282378,0.0204082,"0.01-5%    "
"VNM",816,0.0642943,0.0692124,"6-10%    "
"VUT",935,NA,NA,NA
"YEM",679,0.018187,0.0121212,"0.01-5%    "
"ZAF",560,0.0118697,0,"0.01-5%    "
"ZMB",551,0.0218182,0,"0.01-5%    "
"ZWE",552,0.0117145,0,"0.01-5%    "
